id,opus_pc_id,coupon_code,coupon_type,status,pack_code,earn_point,product_code,created_at,updated_at,deleted_at,created_by,updated_by,deleted_by
1,PC-012345,CASHDPBHSAHXTH,I,Y,PACK-703,200,,02/12/24 22:23,02/12/24 22:23,,2002,2,1
2,PC-012345,CASH45NQ4FMYZY,C,P,,0,,04/09/24 11:25,17/08/25 8:23,,,1001,2002
3,PC-012345,LOYFF0T0PVN9E,L,Y,,200,,07/02/24 7:17,07/02/24 7:17,,0,2002,0
4,PC-012345,CASH4SHNF877VR,C,Y,,25,,01/04/25 15:37,18/06/24 6:21,16/08/24 0:05,,1,3003
5,PC-012345,ASHPSEIMVIHCW,C,Y,,100,,03/07/24 22:38,01/09/24 7:25,,0,,
6,PC-023456,CASHW9XA3KX7EE,C,I,,0,,27/08/24 20:27,27/08/24 20:27,,,2002,1001
7,PC-023456,CASHUE8YFBNTPB,C,N,,0,,29/04/25 9:21,29/04/25 9:21,,1,3003,3003
8,PC-023456,CASHNBQH7M35IX,C,Y,,200,,04/10/24 15:46,29/08/24 22:20,,2,1,1
9,PC-023456,CASHE6GBPS3Y70,C,P,,0,,21/09/24 5:47,21/09/24 5:47,,0,1,2
10,PC-023456,CASHKPUXQPHR62,C,Y,,25,,17/08/24 7:50,29/10/24 11:18,,0,2002,
11,PC-034567,CASHGJLQM5K8P4,C,B,,0,,10/02/24 8:36,10/02/24 8:36,,2,,2002
12,PC-034567,CASHGV0E38DALY,C,E,,0,,15/05/25 11:24,15/05/25 11:24,,2,2,2002
13,PC-034567,CASH8W3ZP08J3T,C,P,,0,,26/09/24 4:43,26/09/24 4:43,,2,2,2
14,PC-034567,LOYUSGIOTIRZQ,L,Y,,150,,04/02/25 17:46,04/02/25 17:46,,2,2002,0
15,PC-034567,CASH09SKDGIGAT,I,Y,,100,PROD-1893,10/05/25 6:03,22/09/24 0:25,,2002,0,2002
16,PC-045678,CASHQLL8OS9XTO,I,Y,PACK-292,150,PROD-9167,29/03/25 19:11,15/04/25 8:12,,3003,,0
17,PC-045678,LOYORQQFGV0EC,L,Y,PACK-891,150,PROD-6568,16/05/25 15:30,23/06/25 13:38,,3003,,1
18,PC-045678,CASH92XF8E8LD4,I,Y,PACK-202,100,,13/08/24 21:43,18/08/25 18:50,,2,3003,2002
19,PC-045678,CASH1ZDFKBLCMP,C,P,,0,,12/01/25 8:54,16/05/25 6:32,,0,1001,2
20,PC-045678,LOYQK94DNMKZA,L,R,PACK-949,0,,21/05/24 19:54,03/08/25 15:15,09/04/25 9:10,1001,3003,2002
21,PC-056789,CASHHH5LF6A4FE,I,P,,0,,20/08/25 3:47,20/08/25 3:47,24/11/24 23:33,0,,1
22,PC-056789,CASH94PDZP6LFE,I,Y,PACK-739,25,PROD-7240,27/07/25 5:47,07/10/24 13:18,,2,1001,1001
23,PC-056789,LOYDD03UVULEM,L,U,PACK-781,0,PROD-1842,24/10/24 16:17,03/03/25 0:54,07/08/25 2:44,1001,1,1
24,PC-056789,CASHMGFXC08DTN,I,I,PACK-564,0,PROD-3578,11/12/24 5:26,11/12/24 5:26,,1,2002,1
25,PC-056789,LOYRYBOVAKHEJ,L,Y,,200,PROD-1126,04/04/24 2:15,04/04/24 2:15,,2002,2,0
26,PC-067890,LOYCDYK0X65MU,L,A,PACK-244,0,PROD-6082,28/09/24 7:59,28/09/24 7:59,,0,1001,2002
27,PC-067890,LOYFK2ST0SX5W,L,N,PACK-711,0,,02/02/25 18:48,02/02/25 18:48,,0,3003,2002
28,PC-067890,LOYSPFHV5BRN7,L,B,,0,,23/02/25 17:54,27/01/25 14:48,,3003,0,1
29,PC-067890,LOY2EK3ZEZQAC,L,O,,0,PROD-3449,22/08/24 22:36,22/08/24 22:36,,,3003,1
30,PC-067890,LOYSM8T2SA5BN,L,A,PACK-482,0,PROD-1266,13/09/24 22:01,13/09/24 22:01,,3003,,1
31,PC-078901,CASHGZ9389YZTK,C,O,,0,,21/11/24 6:39,31/05/25 2:29,,1,3003,0
32,PC-078901,CASHOOUELCQSE3,I,Y,,100,PROD-3114,14/06/25 3:18,14/06/25 3:18,,1001,3003,
33,PC-078901,LOYFXZV4U3BBX,L,Y,PACK-690,150,PROD-4453,03/11/24 10:03,03/11/24 10:03,,1001,2002,
34,PC-078901,LOY9ENULQJIDK,L,E,PACK-493,0,,26/09/24 10:28,26/09/24 10:28,,3003,1,1001
35,PC-078901,LOYP501NOUHTC,L,Y,PACK-616,25,,25/11/24 13:59,10/10/24 8:07,,0,,2
36,PC-089012,LOYWVIYTWBOZD,L,X,,0,,02/02/25 22:45,20/05/24 11:53,,2,2002,2
37,PC-089012,CASHUD9K9TR74Q,C,O,,0,,30/07/24 14:26,05/05/24 19:41,,0,3003,
38,PC-089012,CASH7ANQJLUUJM,I,N,,0,PROD-2936,26/07/24 8:31,26/07/24 8:31,,1,0,2
39,PC-089012,LOY1YV2STN7E3,L,X,,0,,23/08/24 15:53,11/01/25 11:46,,0,1,3003
40,PC-089012,LOYUBMC97C7BO,L,R,,0,PROD-7887,29/10/24 6:36,29/10/24 6:36,,2,2,3003
41,PC-090123,LOY6ZZOILKQXL,L,N,PACK-468,0,,25/08/25 22:38,25/08/25 22:38,,3003,2002,2
42,PC-090123,LOYQ0MFTG698S,L,Y,,100,,04/02/24 22:06,14/05/24 8:16,,2,0,3003
43,PC-090123,CASH36DDFGS3JO,I,A,PACK-482,0,,23/08/25 12:51,23/08/25 12:51,01/09/25 12:45,2002,0,1
44,PC-090123,LOY6YUJ7YKTXG,L,R,PACK-970,0,,05/10/24 10:43,08/06/24 12:39,,1001,0,3003
45,PC-090123,CASHVWV8LW2QIT,I,X,PACK-484,0,PROD-4043,21/09/24 4:31,21/09/24 4:31,,,3003,1001
46,PC-012340,LOYZ3V6DIXFWU,L,P,PACK-760,0,PROD-6432,11/03/24 12:38,20/09/24 16:03,,,,
47,PC-012340,CASHRRPZLK3E4X,C,Y,,50,,15/06/25 1:44,29/06/25 18:18,,2002,3003,0
48,PC-012340,CASHH13CD5GLQJ,I,P,PACK-983,0,PROD-9646,19/02/25 15:00,19/02/25 15:00,,1001,2,1001
49,PC-012340,CASHENGWYX9TRF,C,N,,0,,06/03/25 17:53,06/03/25 17:53,,1,3003,2
50,PC-012340,CASH2U1RSUJT9T,C,Y,,75,,09/08/25 22:19,09/08/25 22:19,,3003,,3003
51,PC-023401,LOYREIYAZ39PE,L,U,,0,,13/01/25 15:56,13/01/25 15:56,,2002,3003,
52,PC-023401,LOY1VN8LFJDTV,L,U,PACK-722,0,PROD-1439,07/04/25 15:58,26/06/24 23:32,,0,1001,1001
53,PC-023401,LOYAH78OKZ1PO,L,Y,,150,,05/02/24 16:14,13/06/25 13:48,,1,,1001
54,PC-023401,CASHEZZF8S2ZGE,C,O,,0,,14/05/25 14:58,04/04/25 7:50,,3003,3003,1
55,PC-023401,LOYYE0A4ABN7G,L,I,,0,,23/03/25 18:27,23/03/25 18:27,,1,0,2
56,PC-034012,LOYUTDD2EC2IH,L,A,PACK-510,0,PROD-2376,21/07/25 8:18,21/07/25 8:18,25/08/25 16:43,3003,,
57,PC-034012,LOY5BWIKOTCKE,L,Y,,75,,01/07/24 0:15,01/07/24 0:15,,2,3003,2002
58,PC-034012,CASHT2018U9N79,I,N,,0,PROD-4875,20/01/24 22:27,20/01/24 22:27,,3003,2002,2002
59,PC-034012,CASH3MG25CFZFD,C,Y,,150,,29/01/25 5:04,29/01/25 5:04,,1001,3003,1
60,PC-034012,CASHE088O98BV7,I,I,,0,PROD-2705,09/09/24 21:55,12/06/25 17:18,,0,1,2002
61,PC-040123,CASHRC6ZS62YWE,I,A,PACK-875,0,,20/01/25 12:34,17/07/24 13:11,23/09/24 14:01,0,3003,0
62,PC-040123,LOYEFUU8DD225,L,I,PACK-452,0,PROD-5327,26/03/24 14:39,03/08/24 6:58,,2002,2,1001
63,PC-040123,LOYK01L0VDP6O,L,Y,PACK-596,50,,03/11/24 20:20,27/06/24 6:54,,,1,2002
64,PC-040123,CASHVG5VMF60YK,I,Y,,75,,28/08/24 15:05,28/08/24 15:05,27/09/24 5:22,3003,0,2002
65,PC-040123,LOYHKSWVA984U,L,P,PACK-708,0,,01/11/24 6:52,05/02/25 16:43,,2,,1
66,PC-001234,CASHLCB8QSSPYE,C,P,,0,,29/12/24 21:53,04/04/25 1:31,,2,1,3003
67,PC-001234,LOYBEPEJZHYAP,L,I,PACK-203,0,PROD-3247,22/12/24 11:58,22/12/24 11:58,07/10/24 1:56,3003,,1001
68,PC-001234,CASHY64YFDS0DJ,C,P,,0,,09/02/25 6:38,09/02/25 6:38,,0,2,1
69,PC-001234,CASHNMEOQ4YRP5,I,R,,0,,08/10/24 17:40,08/10/24 17:40,,3003,0,
70,PC-001234,LOY0I85SYWP0R,L,Y,PACK-779,150,,16/12/24 9:17,16/12/24 9:17,,,2002,0
71,PC-013579,LOY4Z7WHWKMY9,L,V,,0,PROD-9255,21/04/25 15:59,22/08/24 13:18,,2002,,3003
72,PC-013579,LOYHTMQWYUIXN,L,Y,PACK-623,25,PROD-1769,14/07/25 23:20,19/06/25 19:54,,2,2,3003
73,PC-013579,LOYJF4AQ7B7V1,L,E,PACK-740,0,PROD-9037,26/06/25 0:26,10/07/25 17:35,,,3003,2002
74,PC-013579,LOY6WW8YL68NT,L,Y,,100,PROD-9468,15/03/24 14:02,13/10/24 5:30,,1001,3003,1001
75,PC-013579,CASH0FQLDB2UUI,I,A,PACK-364,0,PROD-7357,26/05/25 23:03,17/06/24 5:48,,2002,2,2
76,PC-024680,CASH6TT9Q1NI10,I,Y,,150,,25/06/25 4:43,25/08/25 11:00,,2,1,1001
77,PC-024680,CASHS2N75BXD8W,C,X,,0,,16/01/25 3:21,16/01/25 3:21,,1,3003,2002
78,PC-024680,LOYXHGNZEI3ZR,L,E,PACK-590,0,,04/05/24 10:37,30/06/25 15:27,,2002,3003,2
79,PC-024680,CASHV23GXJ0MQV,I,P,PACK-335,0,,24/11/24 3:24,24/11/24 3:24,07/01/25 0:23,,,0
80,PC-024680,CASHZP7R1M264U,I,P,,0,PROD-5170,08/09/25 7:56,08/09/25 7:56,,3003,0,3003
81,PC-035791,LOY3UY8U118QQ,L,P,,0,,16/02/24 3:05,16/02/24 3:05,21/12/24 20:41,1,,2
82,PC-035791,CASHJ8Y6RH05HH,I,X,PACK-355,0,,25/09/24 3:02,09/01/25 19:15,,,,2002
83,PC-035791,LOYOYG9ZQYAHU,L,A,PACK-433,0,,29/01/24 1:34,05/02/25 14:03,,1001,1,0
84,PC-035791,CASH4H20RAPE6W,C,O,,0,,19/01/25 1:51,19/01/25 1:51,,1001,2002,1
85,PC-035791,LOYHUXG2MYR06,L,N,PACK-490,0,,17/02/24 21:15,17/02/24 21:15,,3003,0,2002
86,PC-046802,CASHWJWGABTGDJ,I,P,PACK-832,0,,08/12/24 16:25,09/06/25 1:19,,,0,
87,PC-046802,CASHN9I9H0DXHO,I,E,PACK-419,0,,25/02/25 20:45,25/02/25 20:45,,2002,1001,1001
88,PC-046802,CASHIRYM81CMFT,I,Y,,75,,05/01/25 5:35,21/09/24 13:53,,1,1001,3003
89,PC-046802,CASH5V4FTQ3TQ1,I,P,PACK-618,0,,08/02/24 0:03,08/02/24 0:03,,1001,3003,1
90,PC-046802,LOYDGBXNRWVBH,L,R,,0,,20/05/25 2:04,19/08/25 1:26,,2002,2,3003
91,PC-057913,CASH047WWBSLUL,I,A,,0,,14/07/25 19:15,30/01/25 15:38,,2002,2002,2
92,PC-057913,CASHHW0IC1L7DY,C,A,,0,,22/06/24 7:29,06/01/25 12:25,,2,1,1
93,PC-057913,CASH8753AYEQAH,C,R,,0,,03/04/25 5:43,03/04/25 5:43,,1001,0,0
94,PC-057913,LOY5A5XIN9DL5,L,Y,,200,,07/12/24 4:08,06/09/25 3:13,,1001,2,1001
95,PC-057913,LOY6XDN8WWIIF,L,V,PACK-419,0,,20/12/24 16:41,25/08/25 12:20,,0,2002,0
96,PC-068024,CASHLAQ665DLXZ,I,E,,0,,16/04/24 2:26,17/05/24 7:03,,2002,2,2002
97,PC-068024,CASHWEEHWJQ4TA,C,Y,,100,,19/07/25 16:18,19/07/25 16:18,,2,0,0
98,PC-068024,CASHK7BPGYVYV2,C,R,,0,,04/08/25 0:43,04/08/25 0:43,,0,2,2002
99,PC-068024,CASHWD0W9RY79K,C,G,,0,,02/12/24 19:04,02/12/24 19:04,,1001,3003,1
100,PC-068024,CASHBM3HXYJCKT,C,Y,,100,,12/05/25 5:43,12/05/25 5:43,,3003,,
101,PC-079135,LOY6TBB6BNDOZ,L,P,PACK-706,0,PROD-6826,07/12/24 0:52,20/11/24 22:27,,1,3003,0
102,PC-079135,LOY25QBRMQG1V,L,Y,,200,,24/01/25 0:42,30/04/25 18:12,,1,1001,2002
103,PC-079135,CASH4EVLDQLOVY,I,Z,PACK-710,0,PROD-6364,01/03/24 7:22,01/03/24 7:22,,2002,2002,
104,PC-079135,CASH9UWS44C68A,C,R,,0,,20/10/24 20:01,27/09/24 19:39,30/01/25 6:39,1001,3003,1
105,PC-079135,CASHECAZRP9DXO,C,P,,0,,06/09/24 16:28,06/09/24 16:28,,2,3003,2002
106,PC-080246,CASHNZRF5A7QY8,C,Y,,150,,22/05/24 17:07,22/05/24 17:07,,2002,,
107,PC-080246,CASH3ADDQHKGAD,I,X,,0,,22/02/25 13:16,09/06/25 19:02,,,3003,1001
108,PC-080246,CASHJ3GC9HOXDT,I,B,,0,PROD-2740,13/10/24 21:27,22/04/25 4:13,,2002,1,
109,PC-080246,LOYTA83RU7MYO,L,P,,0,PROD-6985,31/03/24 6:48,31/03/24 6:48,,,3003,2
110,PC-080246,CASHR838AMMZOH,I,Y,PACK-769,150,,04/08/25 23:36,10/11/24 22:06,,2002,1001,0
111,PC-091357,CASH6ZVLHYL2LD,C,O,,0,,13/03/25 23:47,13/03/25 23:47,,2002,2,3003
112,PC-091357,CASHKDQP1HKF28,I,Y,,150,PROD-2416,07/09/24 21:25,07/09/24 21:25,,3003,1001,2
113,PC-091357,CASH3ZDRC1YOHM,C,A,,0,,27/07/25 4:07,26/12/24 4:10,,0,2002,
114,PC-091357,CASHZWUHYWM7S6,I,P,,0,PROD-2818,29/06/25 16:40,13/12/24 4:19,,1,2,1001
115,PC-091357,LOYMRSEZYTKW2,L,N,,0,PROD-4085,10/12/24 12:54,10/12/24 12:54,,,,2
116,PC-002468,LOY4Y89ORVSCY,L,Y,,25,PROD-8006,22/02/25 11:04,22/02/25 11:04,20/04/25 23:36,2,1,
117,PC-002468,CASH1DO6OUZ1EG,C,I,,0,,14/06/25 1:24,14/06/25 1:24,15/12/24 19:33,2,1,1001
118,PC-002468,CASHB1R8VNRPJY,I,R,,0,,19/11/24 16:26,19/11/24 16:26,,3003,1,0
119,PC-002468,CASHLL42JZNTMF,I,O,PACK-240,0,PROD-7111,01/04/24 22:48,15/08/24 1:59,,2,1,0
120,PC-002468,CASH6V1MZB3I4F,C,V,,0,,23/08/25 14:15,23/08/25 14:15,,0,1,0
121,PC-014725,LOY89SFQERI7B,L,U,,0,PROD-2117,28/11/24 6:48,23/04/25 9:12,,2002,,0
122,PC-014725,CASHNLNQBU4KZR,I,Y,PACK-237,100,PROD-7374,23/09/24 12:03,23/09/24 12:03,,3003,,1001
123,PC-014725,LOY1WNP9OCIIL,L,Y,,150,,26/07/25 0:44,26/07/25 0:44,,1,0,
124,PC-014725,CASHFK8HW9C4HJ,I,Y,PACK-404,200,,28/04/24 1:53,21/03/25 14:05,,2002,3003,1001
125,PC-014725,LOYUH80Q7TW1P,L,A,,0,,31/03/24 14:55,10/06/25 4:57,,1,2,0
126,PC-025836,LOYH66W51OB53,L,Y,PACK-603,50,PROD-7765,03/08/24 21:18,03/08/24 21:18,,2002,2,3003
127,PC-025836,CASHZ1XEVO7Q5E,C,A,,0,,01/11/24 19:01,01/11/24 19:01,,0,2002,1001
128,PC-025836,LOY8EZP7QYEZG,L,Y,PACK-982,75,PROD-5717,22/03/25 4:12,06/11/24 21:28,,2,0,2
129,PC-025836,LOYYZZ0JDCLI6,L,P,,0,PROD-1087,29/05/24 3:37,29/05/24 3:37,,1001,1001,2
130,PC-025836,CASH7K5W1JL6L9,I,P,,0,,17/04/25 21:30,17/04/25 21:30,28/12/24 20:50,0,0,
131,PC-036947,LOYDQC2K9YKIP,L,O,,0,,23/01/25 8:54,21/05/24 14:04,,1001,,1001
132,PC-036947,CASH85GG0V5DTA,C,Y,,75,,09/11/24 19:00,18/08/24 8:09,,,,0
133,PC-036947,CASHXPW2GKQRAF,C,Y,,200,,27/02/25 1:45,27/02/25 1:45,27/08/25 23:07,0,2002,2002
134,PC-036947,LOY0765ICAUTJ,L,U,PACK-763,0,,20/02/24 20:35,20/02/24 20:35,,2,1001,2002
135,PC-036947,LOYYEHVDO9KHB,L,I,PACK-118,0,PROD-5273,06/09/24 13:46,19/06/25 10:24,,2002,0,0
136,PC-047058,LOYWWPM3X15DT,L,B,,0,PROD-9527,12/04/25 7:12,12/04/25 7:12,,0,,1001
137,PC-047058,LOYK0Q929U6WT,L,Y,,25,PROD-6739,08/04/24 18:30,08/04/24 18:30,,1,2002,3003
138,PC-047058,LOYYOU25VW9Y8,L,Y,PACK-849,25,,08/07/25 15:41,08/07/25 15:41,,1001,0,2
139,PC-047058,CASHKR2FVB66H3,C,N,,0,,18/11/24 4:04,18/11/24 4:04,,2,,
140,PC-047058,CASHMBYPJDFAW1,I,E,,0,,12/10/24 2:46,25/10/24 16:13,,1001,1001,1001
141,PC-058169,CASH095HS258W9,I,P,PACK-824,0,,30/06/25 20:32,30/06/25 20:32,,2002,1,1
142,PC-058169,CASH3MG1ZAQ7QH,I,Y,PACK-120,75,,22/06/25 12:36,19/07/24 8:09,,,3003,1001
143,PC-058169,CASHYVGV0E7450,C,I,,0,,05/02/24 13:06,05/02/24 13:06,,1,0,3003
144,PC-058169,CASHTLOM539IY8,C,R,,0,,20/05/24 14:14,18/08/25 6:23,,0,0,0
145,PC-058169,LOYW1WUDCBL4C,L,I,,0,,03/10/24 12:47,03/10/24 12:47,,1,1001,2002
146,PC-069270,CASHHGJD3EX5MH,C,Y,,50,,28/01/25 20:51,28/01/25 20:51,,2,0,1
147,PC-069270,LOY4KFIWKESVR,L,G,,0,,19/10/24 10:10,08/05/25 3:49,,0,1001,2
148,PC-069270,CASHF4JD1KSIBS,I,Y,PACK-444,100,PROD-8391,28/01/25 23:09,19/02/25 23:18,,2,2,1
149,PC-069270,CASH014GVE4ZTJ,C,Y,,75,,01/08/25 12:25,01/08/25 12:25,,3003,1,1
150,PC-069270,LOYHQUNUE7A34,L,Y,,100,PROD-7867,22/02/24 14:51,20/03/25 3:17,,2002,3003,2
151,PC-070381,CASHQJSQCZ0N04,I,Y,,75,PROD-1175,29/08/24 2:49,29/08/24 2:49,,,2002,0
152,PC-070381,CASHFMHBYHZ43X,C,Y,,25,,05/05/25 11:50,05/05/25 11:50,,2002,2002,
153,PC-070381,CASH0BS3LWW7OP,C,O,,0,,29/09/24 22:54,21/05/25 1:46,,0,0,
154,PC-070381,LOYV9ZY9YLW5L,L,N,PACK-971,0,PROD-2106,17/04/24 1:52,25/05/24 11:27,,,1001,1001
155,PC-070381,CASHI09P5EL2B2,I,Y,PACK-524,50,,22/04/25 18:06,22/04/25 18:06,,3003,2002,1
156,PC-081492,LOY1X7OV6SGP3,L,O,PACK-358,0,PROD-9202,12/04/25 21:22,10/05/24 7:44,,1001,1,2002
157,PC-081492,LOYGERSDUHH03,L,Y,PACK-296,50,PROD-7697,30/06/25 7:11,09/10/24 19:51,,2002,1001,
158,PC-081492,CASH7RMPN6937X,I,P,,0,PROD-6833,30/07/25 2:24,06/09/25 16:59,,3003,,
159,PC-081492,LOY80YIR02M77,L,R,,0,PROD-7305,06/09/25 8:45,06/09/25 8:45,,1001,0,2002
160,PC-081492,LOY9B7LNKZX8Y,L,R,,0,PROD-9757,06/01/25 22:24,06/01/25 22:24,17/09/24 3:31,,3003,2002
161,PC-092503,CASH0A0UY9F8P4,I,Y,,200,PROD-6825,03/05/24 19:40,03/05/24 19:40,,0,,
162,PC-092503,CASHAEEX6IV9RY,I,O,,0,PROD-7290,10/06/25 14:42,26/02/25 20:57,,2002,2002,2
163,PC-092503,CASHEEHFU4B9SN,I,I,,0,,08/03/25 9:53,08/03/25 9:53,,0,1,
164,PC-092503,CASHPTJXFQ8Y7F,C,Y,,200,,07/11/24 23:29,22/05/25 11:15,,0,,2002
165,PC-092503,CASHOLD62F2JD9,C,O,,0,,31/12/24 3:20,31/12/24 3:20,,0,2,
166,PC-003614,LOYJAWO778S67,L,O,PACK-732,0,PROD-1942,28/09/24 8:22,02/07/24 2:19,,,1001,2
167,PC-003614,CASHTJ9XPF0A5Z,C,Y,,100,,27/12/24 22:07,27/12/24 22:07,,,0,1
168,PC-003614,LOYE82EMAYB3P,L,V,,0,PROD-8116,02/05/25 18:49,15/06/24 17:05,,1,1,2
169,PC-003614,CASHB97PWDBOLW,I,U,,0,PROD-6507,08/03/25 22:43,21/10/24 1:23,,2,,1001
170,PC-003614,CASHMEYY1EM30V,C,Y,,100,,27/11/24 10:31,27/11/24 10:31,,1001,1,0
171,PC-014725,CASHT3HJU31FI0,I,R,,0,,22/01/24 1:51,26/02/25 9:21,,2,0,2
172,PC-014725,CASHVNA31XBIDF,C,Y,,200,,01/01/25 14:39,16/02/25 1:51,,2002,1001,
173,PC-014725,LOYDKS4F6APFX,L,Y,PACK-331,25,PROD-2841,14/07/25 11:53,14/07/25 11:53,,0,,0
174,PC-014725,LOYJRNJ622592,L,P,PACK-250,0,PROD-3421,02/07/24 0:40,08/04/25 9:45,,2,2002,3003
175,PC-014725,LOYTTRTIDZS13,L,E,,0,PROD-4853,13/07/24 9:47,01/07/25 8:39,,,0,3003
176,PC-025836,LOYSLOMEYL6SS,L,Y,,75,PROD-1388,23/10/24 3:18,23/10/24 3:18,,2,1001,3003
177,PC-025836,CASHHVCFWR2F5T,C,N,,0,,06/09/24 9:43,20/08/25 6:48,,3003,3003,
178,PC-025836,CASHOWYPSWLDOQ,I,O,,0,,06/05/25 11:06,06/05/25 11:06,,2002,3003,1001
179,PC-025836,LOYCMVH0EQT8F,L,Y,PACK-318,100,PROD-1513,09/03/25 6:31,25/05/24 16:48,,,3003,1
180,PC-025836,LOYD6M1FMPRYF,L,Y,PACK-813,50,PROD-6811,04/06/24 16:04,04/06/24 16:04,,3003,,1001
181,PC-036947,CASH9I9GX32UEW,C,Y,,50,,05/04/25 17:44,17/07/24 5:59,,2002,0,2
182,PC-036947,CASHN0EQWMI6KT,C,Y,,25,,29/08/25 8:48,26/08/25 9:52,,0,2002,3003
183,PC-036947,CASHD2ORWHP6WQ,C,Y,,50,,10/03/25 3:33,10/03/25 3:33,,0,0,1
184,PC-036947,CASHBEDYEJHDZX,C,P,,0,,11/03/24 5:04,23/06/25 22:42,,2,2002,3003
185,PC-036947,CASH3WVPUNWCGB,C,O,,0,,28/04/24 15:41,28/04/24 15:41,,1001,1,1001
186,PC-047058,CASHELFV46WYSI,I,P,PACK-589,0,PROD-5596,17/08/24 20:53,17/08/24 20:53,,3003,2002,2
187,PC-047058,CASH31SL7ZX4DE,C,Y,,75,,31/01/25 14:45,31/01/25 14:45,,1,2,2
188,PC-047058,CASHJ7DPFSSBJD,C,Y,,100,,27/05/24 0:20,27/05/24 0:20,,2002,2,2002
189,PC-047058,CASH5ZOOH3YRGH,C,I,,0,,29/01/24 21:22,29/01/24 21:22,,2002,1,2002
190,PC-047058,CASH5G1AMRA5RB,C,N,,0,,01/06/24 1:37,02/02/25 19:36,,,1001,2002
191,PC-058169,CASHP8DJKLUYLU,C,E,,0,,19/06/25 20:23,19/06/25 20:23,05/05/25 7:57,2002,3003,0
192,PC-058169,CASHQ6A1DF62UN,I,O,PACK-735,0,PROD-1877,08/09/24 15:15,08/09/24 15:15,,0,2,2002
193,PC-058169,CASHE6XFWZ73WH,C,Y,,150,,20/01/24 8:05,13/08/25 7:24,,,,0
194,PC-058169,CASHWG3XG0TRKY,C,I,,0,,28/02/24 20:45,28/01/25 7:58,,1001,2,1
195,PC-058169,CASHJ9M4SMZOCX,I,R,PACK-460,0,,12/06/24 3:39,06/05/24 1:08,,1,3003,3003
196,PC-069270,CASHOCZDQ7JBMJ,C,I,,0,,01/04/25 20:33,09/05/25 12:38,,1,3003,
197,PC-069270,CASHSXPK48AB13,I,U,PACK-647,0,PROD-1296,19/06/25 12:07,24/04/25 6:35,,,2,3003
198,PC-069270,CASH3CEGBMXIKV,C,Y,,25,,30/08/25 22:11,12/06/24 12:01,,2,2002,
199,PC-069270,CASHRC64SKTE02,I,I,,0,PROD-8213,18/10/24 7:03,13/08/25 17:40,,,,2
200,PC-069270,CASH61M3J1HA0W,C,Y,,75,,05/03/25 8:10,06/10/24 20:35,,3003,2,3003
201,PC-070381,CASHZ02Z7NUXF1,C,N,,0,,17/11/24 0:39,17/07/25 10:24,,2002,,
202,PC-070381,CASHIL9YQ8OCUC,I,E,PACK-470,0,PROD-4774,08/12/24 22:44,31/05/24 22:16,,3003,2,0
203,PC-070381,CASH65AEJT70EB,C,A,,0,,11/04/24 1:01,11/04/24 1:01,,2,,2002
204,PC-070381,CASH0P1Z00V3SF,I,P,PACK-107,0,PROD-8430,22/05/25 6:35,22/05/25 6:35,23/01/25 15:57,1,2,0
205,PC-070381,LOYUWDKEJP5K7,L,X,,0,PROD-4795,17/04/25 3:45,15/06/24 6:24,,0,,0
206,PC-081492,LOYJH4OULYO3P,L,G,,0,PROD-5396,02/05/24 13:59,02/05/24 13:59,,2002,0,1
207,PC-081492,LOYHFT4I26LH0,L,Y,,75,,03/10/24 17:48,08/08/25 9:34,,1001,2,3003
208,PC-081492,CASH2GVLLSAJHJ,C,Y,,200,,12/07/24 5:37,06/12/24 9:39,,2002,1001,2
209,PC-081492,CASHDLFWDUH7VD,I,G,PACK-512,0,,03/06/24 22:01,18/02/25 22:09,,,3003,2
210,PC-081492,CASHZN1F0FP8BP,I,Y,PACK-274,25,PROD-3291,25/05/24 7:07,27/06/24 5:51,,2,,1
211,PC-092503,CASHUR2YUPMANQ,I,I,PACK-786,0,,23/03/25 8:44,23/03/25 8:44,,1001,1001,0
212,PC-092503,LOY83579WRR51,L,Y,,200,PROD-1625,02/12/24 9:07,02/12/24 9:07,14/09/24 21:20,,1001,2002
213,PC-092503,CASHZNAXOYCG1F,I,P,,0,PROD-3827,23/08/25 18:44,06/06/24 18:40,,,1,1001
214,PC-092503,LOY12HNC0I4X6,L,Y,,200,,09/06/25 23:51,09/06/25 23:51,,2,2002,1
215,PC-092503,CASHU9PXYKM8T0,I,N,,0,,23/03/24 14:44,12/07/24 0:35,14/11/24 17:28,1,0,2
216,PC-003614,LOY3V16XEGHPM,L,E,,0,,19/01/24 5:23,10/06/25 22:14,,1,1,2
217,PC-003614,CASHKJWV2QNRMT,C,N,,0,,30/01/24 13:13,04/09/25 13:56,16/02/25 15:48,1,,3003
218,PC-003614,CASHYJMK3TGMAL,C,E,,0,,01/08/25 1:42,01/08/25 1:42,,2002,,1001
219,PC-003614,CASHF9W5N9C70P,I,P,,0,,22/03/24 11:08,22/03/24 11:08,,3003,2,
220,PC-003614,CASHJOAOEJV9LH,I,R,PACK-118,0,,03/03/25 21:05,04/11/24 16:39,,1001,1,2002
221,PC-014725,LOYQZHECBUQYP,L,Y,,50,,07/08/24 12:05,02/07/24 0:08,,3003,1001,3003
222,PC-014725,LOY3C330BO7WP,L,I,,0,,09/03/24 1:52,13/10/24 11:52,,3003,1,3003
223,PC-014725,LOYLQJJBFSA5U,L,I,PACK-830,0,,24/04/24 21:49,24/04/24 21:49,,1001,2002,1
224,PC-014725,CASHXVSSN7X5RR,I,Y,,50,PROD-2060,02/09/24 6:05,19/12/24 17:07,,0,1,0
225,PC-014725,LOY8CUIJ0YXIY,L,P,,0,PROD-1659,07/10/24 13:33,07/10/24 13:33,26/08/24 11:42,1001,1,
226,PC-025836,CASH91AZHZKNL2,I,A,,0,PROD-4522,10/07/24 4:49,12/08/25 16:15,,3003,1,
227,PC-025836,CASH7DE0L1OFFK,I,N,,0,,30/05/25 3:57,30/05/25 3:57,,1,1001,1001
228,PC-025836,LOYFXP323C9NU,L,E,PACK-132,0,PROD-9827,26/05/24 18:16,26/05/24 18:16,30/04/25 20:59,1,1001,1
229,PC-025836,CASHXMSY3PAUA3,I,E,,0,PROD-4690,30/11/24 15:09,28/08/24 0:56,,2,0,1
230,PC-025836,LOY57XHF9I71A,L,Y,PACK-998,25,PROD-3017,14/08/25 11:59,21/08/25 1:03,,,2,3003
231,PC-036947,CASHNWZR04HHE7,I,V,,0,PROD-2553,09/09/25 20:07,09/09/25 20:07,06/07/25 18:55,1,1001,
232,PC-036947,CASHFB2FLURMW3,I,Y,PACK-691,50,,05/08/25 5:40,22/10/24 3:47,,2,1001,1
233,PC-036947,LOY93EZEMQT78,L,Y,,25,,31/08/24 15:56,31/08/24 15:56,,0,3003,2002
234,PC-036947,CASHT8PHB8OOSP,C,N,,0,,30/05/25 8:27,27/06/24 10:23,,2,2,1
235,PC-036947,LOYG4C8J6E07F,L,I,,0,PROD-5513,04/01/25 16:47,04/01/25 16:47,,,2002,
236,PC-047058,CASHW04I3DZXLR,I,R,PACK-290,0,PROD-4312,26/07/24 17:48,04/07/24 13:43,,3003,2002,2
237,PC-047058,CASHZTO7D835KU,I,G,PACK-184,0,PROD-4683,19/02/25 3:32,29/05/24 8:12,,3003,,0
238,PC-047058,CASHUW590Z92JN,C,I,,0,,03/05/24 15:11,23/11/24 23:11,,0,1,1001
239,PC-047058,CASHWRP8GUUCM5,I,Y,,25,,18/09/24 6:53,30/11/24 22:08,,2002,1,1001
240,PC-047058,CASHB1V1CCOFH9,C,P,,0,,07/04/24 16:28,26/09/24 11:17,,3003,3003,0
241,PC-058169,CASHRRLRNR2KYB,I,Y,,100,,17/10/24 1:09,13/04/25 9:10,,1,1001,2002
242,PC-058169,LOYZCHHXA7HY7,L,R,,0,,26/07/25 23:31,26/07/25 23:31,,2,3003,0
243,PC-058169,CASHB1EYCEF2CT,I,Y,PACK-271,200,PROD-7524,13/07/24 17:20,04/06/25 14:21,,1001,1,1
244,PC-058169,LOYIWPFVB71GH,L,Y,,200,,19/01/25 3:44,19/01/25 3:44,,1,3003,1
245,PC-058169,LOYCYOTWG7NFD,L,Y,,150,,01/01/25 10:04,01/01/25 10:04,,1001,,3003
246,PC-069270,CASH4N6V3RZKDU,C,Y,,50,,02/09/25 4:16,02/04/25 18:25,,0,0,2
247,PC-069270,CASH7VG688U595,C,Y,,150,,15/08/24 14:13,15/08/24 14:13,,,0,0
248,PC-069270,CASHBILQPB01QC,I,I,,0,,10/07/24 0:14,03/06/25 13:20,28/08/25 14:17,2002,1001,
249,PC-069270,LOY7DXLSE33DC,L,G,,0,,22/02/24 23:06,22/02/24 23:06,,3003,,3003
250,PC-069270,CASHBCLTRH9VGK,I,Y,,50,,19/06/25 0:32,26/07/25 5:10,,1001,,
251,PC-070381,LOYSRHR8WMLWW,L,O,,0,PROD-9677,03/07/25 18:52,03/07/25 18:52,,1,2002,1
252,PC-070381,CASHZV3IU6L5NF,I,N,,0,PROD-9670,05/10/24 7:25,03/05/24 18:47,,2,1001,2002
253,PC-070381,CASHH3G7VKC5SS,I,E,PACK-354,0,,13/04/25 21:17,13/04/25 21:17,,1,1,0
254,PC-070381,CASH8E5TNLZTWX,C,O,,0,,31/05/24 21:25,20/01/25 20:27,,2,0,1
255,PC-070381,CASHCMCOCO2ZTD,C,Y,,75,,26/03/25 7:22,26/03/25 7:22,,0,2,0
256,PC-081492,LOY80NKXKBEFQ,L,A,,0,,07/02/24 0:31,07/02/24 0:31,,2,0,
257,PC-081492,CASHX85ZZHJY8G,I,N,PACK-806,0,,02/08/25 14:10,11/02/25 0:37,,3003,1001,3003
258,PC-081492,CASHGOQMK31RTM,I,B,,0,,23/02/24 12:28,23/02/24 12:28,,1,1,2002
259,PC-081492,CASH9TSUJT70Y2,C,O,,0,,11/02/25 7:12,11/02/25 7:12,,2,,1
260,PC-081492,CASH1KHW8GAKH3,I,Y,,75,PROD-2098,12/04/24 2:06,12/04/24 2:06,,2,,2
261,PC-092503,LOYRSI7EADGHX,L,P,PACK-659,0,PROD-5309,05/07/24 3:33,05/07/24 3:33,,,3003,2002
262,PC-092503,CASHXRHGTW4CY4,I,Y,,50,,22/04/25 18:39,22/04/25 18:39,,1001,0,0
263,PC-092503,LOY5X1FVK1PBC,L,E,,0,PROD-1654,22/01/25 5:39,22/01/25 5:39,,1,2,1
264,PC-092503,LOYVI7LIG9GMY,L,Y,PACK-385,75,,26/04/24 19:03,22/10/24 3:21,,3003,1001,3003
265,PC-092503,CASH7QMJCENTOC,C,P,,0,,29/09/24 23:41,29/12/24 18:22,,3003,1,2
266,PC-003614,LOY58YUXCZAUM,L,N,PACK-120,0,PROD-8148,03/12/24 21:52,03/12/24 21:52,,2,,2
267,PC-003614,CASHBC7QK4K6IL,C,X,,0,,09/06/25 6:39,09/06/25 6:39,,1001,,0
268,PC-003614,CASHT2TNGTG2LG,C,P,,0,,24/06/25 2:48,24/06/25 2:48,,1,1001,3003
269,PC-003614,CASHQ2YOTOS87M,C,G,,0,,29/12/24 23:57,20/08/25 3:13,,1001,1001,2002
270,PC-003614,LOYH11QV1F2OF,L,A,PACK-332,0,PROD-5143,07/11/24 18:36,07/11/24 18:36,,2,2,2002
271,PC-014725,CASHRLSR0O8K5D,I,R,,0,,26/03/24 8:20,07/08/24 22:23,,2,0,
272,PC-014725,LOYVO4KVFFLNC,L,Y,,100,,14/05/24 5:16,11/07/25 20:22,,1001,2,2
273,PC-014725,CASH263RJK4CWE,C,I,,0,,07/10/24 2:35,30/07/25 3:58,,2,1001,3003
274,PC-014725,LOYFFCVEDQFC1,L,Y,PACK-804,50,PROD-4919,26/07/24 15:46,30/07/24 19:55,,2,2,
275,PC-014725,CASHEL8PL6UZA2,C,Y,,75,,25/12/24 17:26,15/01/25 8:12,,1,2,
276,PC-025836,CASH4AI2278EQE,I,Y,PACK-884,50,,02/06/25 20:18,20/09/24 11:57,,2,2002,1001
277,PC-025836,LOYDS3HGW10C9,L,Y,PACK-332,100,PROD-8501,11/03/24 23:07,18/08/24 9:15,,1,2002,1
278,PC-025836,CASHTT1E32WITP,C,I,,0,,25/03/24 11:48,25/03/24 11:48,,,3003,
279,PC-025836,LOYZ57V4NDJM5,L,N,,0,,06/11/24 16:36,06/11/24 16:36,,,1,1
280,PC-025836,LOYC8VDRQNTJV,L,B,,0,PROD-2343,07/07/24 2:55,07/07/24 2:55,,0,0,2002
281,PC-036947,LOYH6AIRH8S7D,L,N,PACK-838,0,PROD-9552,23/01/25 15:25,21/04/25 14:13,,2002,,1
282,PC-036947,CASHG0ZPZJHO4V,I,Y,PACK-677,100,PROD-2574,20/08/25 18:48,30/11/24 16:01,,2,1001,0
283,PC-036947,CASHZHHNBAVEKV,C,Y,,150,,27/07/25 23:08,27/07/25 23:08,04/08/25 1:54,2,0,
284,PC-036947,LOYIUAZ71UF09,L,V,,0,,31/01/25 15:41,31/01/25 15:41,,0,3003,0
285,PC-036947,LOYRANTY6D1HF,L,P,PACK-211,0,,07/11/24 8:10,07/11/24 8:10,,1,2002,1001
286,PC-047058,LOYG1S2LQSQBB,L,Y,PACK-777,25,PROD-5024,01/03/24 0:59,07/12/24 14:19,,1,2002,1
287,PC-047058,LOYOIVWQM9128,L,N,,0,,19/03/25 11:13,01/12/24 7:35,,,1,3003
288,PC-047058,CASHJFCZWKGUY0,C,P,,0,,18/08/24 6:49,18/08/24 6:49,,2,1,0
289,PC-047058,LOYOIYMYK86AD,L,O,PACK-486,0,PROD-7736,07/08/24 0:15,02/03/25 19:42,,3003,1,1001
290,PC-047058,LOY9KHH83GSV5,L,P,PACK-225,0,,08/07/25 7:53,08/07/25 7:53,,3003,,
291,PC-058169,LOY2ABG9SHO5D,L,A,,0,,24/07/25 12:53,24/07/25 12:53,,2002,2,
292,PC-058169,CASH0BI6ATQGKR,I,I,,0,,02/07/24 11:56,26/10/24 23:04,,0,0,2002
293,PC-058169,CASH1UN2KTVV0Y,C,O,,0,,03/06/24 21:00,15/02/25 9:52,,3003,2,
294,PC-058169,CASHKF8OU7OZ9R,I,V,,0,PROD-8490,22/02/25 23:41,22/02/25 23:41,,,2002,2
295,PC-058169,CASH96UPB22O1T,C,I,,0,,23/11/24 4:40,23/11/24 4:40,,0,2,2002
296,PC-069270,CASHH6OQ7QH96Y,C,E,,0,,11/06/25 0:38,11/06/25 0:38,,,1001,0
297,PC-069270,CASH5LFOS9DJ9I,C,E,,0,,29/02/24 20:18,29/02/24 20:18,,0,2002,1
298,PC-069270,LOY0R0VIP35T5,L,I,,0,PROD-9904,10/03/24 0:31,29/04/25 12:38,14/06/25 11:03,2,,1
299,PC-069270,LOYFXGIMYDO5N,L,Y,PACK-895,100,PROD-9832,22/07/24 12:48,27/06/24 5:14,,,2002,1
300,PC-069270,CASH8E7428YI4P,I,P,PACK-836,0,PROD-9312,09/12/24 22:10,06/12/24 19:47,,2002,0,1
301,PC-070381,CASHMVYD47DZNA,C,B,,0,,23/09/24 17:27,14/06/25 17:00,,2002,2,1001
302,PC-070381,CASHH3MI2DNODK,I,P,PACK-210,0,,03/04/24 11:33,14/07/25 13:59,,,0,2002
303,PC-070381,LOY1GNT9ZSUV4,L,O,PACK-875,0,PROD-1110,09/04/25 6:42,16/07/25 19:48,,1,0,0
304,PC-070381,CASHRMM0YTMV82,I,A,PACK-424,0,,06/06/24 12:09,06/06/24 12:09,,1,1001,
305,PC-070381,CASHRSWP0YKKSW,C,Y,,75,,14/05/25 18:42,14/05/25 18:42,,2,1001,1001
306,PC-081492,CASH6LN824TL7J,I,I,PACK-225,0,PROD-8586,24/06/25 9:18,24/06/25 9:18,,0,0,3003
307,PC-081492,CASHQSRER6LUU6,C,P,,0,,17/06/24 3:27,17/06/24 3:27,,0,0,0
308,PC-081492,CASHYMIT72723B,I,E,PACK-117,0,,21/05/24 13:05,22/11/24 15:15,,2,2002,
309,PC-081492,CASHGWHAOQHVD8,C,Z,,0,,18/01/24 6:15,24/07/25 20:25,,0,2,
310,PC-081492,CASHQ0X717HW0B,C,A,,0,,26/05/25 0:39,26/05/25 0:39,,1001,0,2
311,PC-092503,CASHQABCE2EH30,C,O,,0,,26/12/24 13:44,26/12/24 13:44,,2,1001,0
312,PC-092503,CASHBQIQICB5NT,C,I,,0,,22/05/25 18:52,22/05/25 18:52,,1,2,1
313,PC-092503,LOYVF37746PFM,L,P,,0,PROD-3264,13/02/25 2:02,13/02/25 2:02,,,,
314,PC-092503,CASHCZ14WJAI9C,C,B,,0,,03/08/25 4:50,14/11/24 22:03,,3003,0,
315,PC-092503,LOY8FR8RUI31P,L,P,PACK-315,0,PROD-2866,09/05/25 16:13,22/08/24 20:31,,3003,,
316,PC-003614,LOYULND7U4XXG,L,Y,,200,PROD-7908,22/02/24 9:22,22/02/24 9:22,,3003,1001,2
317,PC-003614,LOYTA882JOZIB,L,Y,,75,PROD-5235,10/09/24 10:49,10/09/24 10:49,,2,0,3003
318,PC-003614,CASHBJUDL3AF6K,I,A,PACK-409,0,PROD-3369,14/01/25 23:07,10/06/24 5:16,,,1001,
319,PC-003614,CASH3FJPO4DILG,I,P,PACK-503,0,PROD-5342,28/02/24 9:35,08/05/24 6:37,,1001,2002,1001
320,PC-003614,CASHYCYRNZNZMC,I,Y,PACK-180,200,,23/10/24 8:34,23/10/24 8:34,,3003,1001,1001
321,PC-014725,CASHU5M767JEZ2,I,Y,,25,,12/05/24 11:04,06/01/25 7:06,06/07/25 22:42,0,2002,
322,PC-014725,CASHZILJ29JB8J,I,N,PACK-768,0,PROD-5672,21/03/25 18:21,12/06/25 20:29,,1,2002,0
323,PC-014725,LOYGG3TY36MAT,L,B,,0,,29/07/24 23:22,14/10/24 8:54,,3003,,1
324,PC-014725,CASHZORK64MGJ7,C,I,,0,,29/08/25 3:43,16/09/24 8:50,,1,1,1
325,PC-014725,CASH2UPVSF5YC9,I,P,PACK-422,0,PROD-3176,12/04/25 12:08,21/12/24 8:21,,,1,3003
326,PC-025836,CASH9AQLO36JWB,C,B,,0,,03/08/24 18:18,13/09/24 2:52,,1001,,1
327,PC-025836,LOYETYX2CB2PN,L,Z,,0,PROD-8446,18/03/24 22:03,18/03/24 22:03,,,2002,1001
328,PC-025836,CASHS8ERKD0RNG,C,P,,0,,04/09/25 11:14,17/05/24 2:47,,,,1001
329,PC-025836,CASH6DTYN4BPSA,I,P,,0,PROD-3069,07/06/24 3:46,30/05/24 20:51,,2,3003,
330,PC-025836,LOY55KCRX6SFJ,L,I,,0,,17/05/24 0:05,17/05/24 0:05,,2,,2
331,PC-036947,CASHTLB37ZOQMC,C,N,,0,,19/01/25 16:39,02/06/24 8:43,,2,0,0
332,PC-036947,CASHZQOYGWOW7L,C,O,,0,,30/05/25 14:48,24/02/25 1:59,01/09/25 1:16,1,2002,
333,PC-036947,CASH6M2YVP6MPB,I,B,PACK-954,0,PROD-2636,21/06/25 19:30,21/06/25 19:30,,2002,0,3003
334,PC-036947,CASHAM75PSZ1CT,I,P,,0,PROD-4627,02/11/24 6:37,02/11/24 6:37,,1001,1001,0
335,PC-036947,CASHCTZRBZIRJY,I,O,,0,PROD-4175,27/08/25 9:36,27/08/25 9:36,,1,1001,2002
336,PC-047058,CASHUP1SHNTCVL,I,Z,PACK-867,0,,24/03/24 10:39,24/03/24 10:39,,2002,2002,
337,PC-047058,CASH8LBDSG1FBT,C,P,,0,,23/01/24 13:40,23/01/24 13:40,,1001,1,1001
338,PC-047058,LOYEW9JZF4EPM,L,O,,0,PROD-4992,06/09/24 10:59,17/09/24 4:54,,2002,0,
339,PC-047058,LOYX9DY39CK5B,L,E,,0,,29/07/24 11:31,19/05/25 0:48,,1,0,3003
340,PC-047058,CASHNZ7DSONKK1,C,N,,0,,17/02/24 17:44,17/02/24 17:44,20/02/25 14:49,1,1,2002
341,PC-058169,LOYZAL4W7S3GO,L,Y,PACK-246,25,PROD-7081,27/11/24 1:32,27/11/24 1:32,,2,1,3003
342,PC-058169,CASH73KLLZCUH1,C,O,,0,,22/11/24 3:55,11/10/24 12:00,,0,,2002
343,PC-058169,CASH2J4XYBRXFX,I,Y,,100,PROD-9667,02/04/25 23:14,08/10/24 20:50,,3003,1,2002
344,PC-058169,CASH7NXXBAF4GE,I,I,,0,PROD-6239,10/09/24 0:45,10/09/24 0:45,,2002,3003,0
345,PC-058169,CASH6AXUWRIENW,C,Y,,100,,18/08/24 10:15,18/08/24 10:15,,3003,3003,2002
346,PC-069270,LOYLAXHNOC2XI,L,Y,PACK-948,200,PROD-6986,12/01/25 5:06,15/05/25 12:18,,,1,2002
347,PC-069270,CASHUN9VQR2C23,I,X,PACK-118,0,PROD-3764,24/09/24 19:10,24/09/24 19:10,,0,2002,
348,PC-069270,CASHRRCV1EXYB8,I,P,PACK-812,0,PROD-9924,02/06/24 17:35,16/12/24 14:24,,1,0,3003
349,PC-069270,CASHFVMAM3JKX2,I,R,PACK-390,0,,26/01/24 9:16,26/01/24 9:16,,,0,2
350,PC-069270,LOYOMZQB09UW8,L,I,,0,PROD-2800,30/06/24 7:35,30/06/24 7:35,,0,1001,2002
351,PC-070381,CASHD2H5LOMZOL,I,P,PACK-445,0,PROD-1037,08/02/24 3:45,08/02/24 3:45,,3003,,1001
352,PC-070381,CASHLKJHDKXZO0,C,Y,,50,,06/03/25 22:44,06/03/25 22:44,27/08/24 1:35,2002,3003,2002
353,PC-070381,CASHK4CI248F3V,I,Y,PACK-387,50,PROD-7403,29/04/24 14:41,29/04/24 14:41,,0,2,3003
354,PC-070381,LOYQCYYPQ7A4F,L,P,PACK-589,0,,22/05/25 23:24,16/05/25 5:23,,2002,,0
355,PC-070381,LOYDZ8XEBNP5O,L,G,PACK-951,0,PROD-9953,29/04/25 4:29,19/01/25 2:46,,2002,3003,
356,PC-081492,CASH2ANY1YC1L2,C,N,,0,,27/03/24 14:05,25/05/24 19:37,,2,2,1
357,PC-081492,LOYCOTFVAN0FV,L,N,,0,PROD-6285,19/03/25 23:39,19/03/25 23:39,,0,,0
358,PC-081492,CASHMH0IT4BU4I,C,E,,0,,24/06/25 18:55,24/06/25 18:55,,3003,0,
359,PC-081492,CASHUCLLE4A2G7,I,A,PACK-609,0,PROD-9592,16/04/24 17:18,18/07/25 11:30,,0,3003,1
360,PC-081492,CASHGLCKWT2E07,I,Y,,25,PROD-2475,18/04/25 6:38,18/04/25 6:38,,3003,1001,2
361,PC-092503,CASHDXJ1WQQOQS,I,Y,PACK-213,150,,26/08/24 11:27,26/08/24 11:27,,1001,2002,1
362,PC-092503,CASHYWAPKE5AJR,C,Y,,150,,08/06/24 23:18,10/11/24 10:40,18/03/25 19:23,3003,1001,2
363,PC-092503,CASH4EQKQ7MOU3,I,N,PACK-209,0,,03/02/24 20:12,03/02/24 20:12,02/06/25 9:46,1,1,1
364,PC-092503,CASHMDHUTT52LK,C,A,,0,,17/11/24 11:59,31/08/25 12:26,,3003,1001,1001
365,PC-092503,CASHD52MH68NDJ,C,Y,,200,,05/02/25 3:54,05/02/25 3:54,,1001,0,3003
366,PC-003614,CASHYG4F4DESRW,I,U,,0,PROD-1896,20/09/24 12:17,29/03/25 12:17,,,1001,3003
367,PC-003614,CASHQJ4VBISBHT,I,U,,0,,12/11/24 1:44,17/01/25 2:15,,0,3003,2002
368,PC-003614,CASHEYO3HLI32B,I,E,,0,PROD-6836,31/08/25 19:45,07/06/25 18:54,,2002,2,0
369,PC-003614,LOYBVVBBBVMIA,L,Y,PACK-339,75,,29/01/24 20:41,29/01/24 20:41,,2002,,1001
370,PC-003614,LOY1ESEVGC0QT,L,E,,0,PROD-3255,13/02/24 17:45,01/01/25 18:57,,1001,1001,0
371,PC-014725,CASHQIX43IRGM5,C,N,,0,,10/07/25 7:37,05/12/24 18:42,02/02/25 3:14,,2,1
372,PC-014725,LOYC6WZ8L6M5W,L,Y,PACK-406,200,,28/12/24 20:26,28/02/25 21:21,,1,,
373,PC-014725,LOYO2POZ4XV87,L,Y,,25,PROD-3836,26/01/24 22:00,26/01/24 22:00,,1001,1001,2
374,PC-014725,LOY4311BKHSSC,L,I,,0,PROD-9984,19/08/25 9:10,06/05/24 12:30,,2,2002,2002
375,PC-014725,CASHOM287C45ID,C,O,,0,,17/09/24 23:05,19/06/24 16:36,,,2002,2002
376,PC-025836,LOYL71029DG38,L,I,,0,PROD-8451,06/08/24 14:28,06/08/24 14:28,,1,0,2
377,PC-025836,LOY0Q45NAYPWL,L,Y,,75,PROD-8705,08/12/24 3:28,30/05/24 7:51,,,2002,2
378,PC-025836,CASH59Z025JU26,C,Y,,100,,30/01/24 8:30,30/01/24 8:30,17/11/24 3:27,1001,2002,2
379,PC-025836,CASHO01717HV0E,C,P,,0,,25/04/24 19:58,06/07/25 3:10,,0,3003,1
380,PC-025836,CASH5ML51AATN2,C,Y,,200,,01/09/25 0:33,30/05/25 5:51,,2002,2002,2
381,PC-036947,CASHQ2M8OF7MQA,C,P,,0,,16/04/24 3:06,16/04/24 3:06,,,0,1001
382,PC-036947,CASHHJOBEIFDD5,I,I,,0,PROD-3083,30/07/24 1:41,30/07/24 1:41,,,1,
383,PC-036947,LOYDDINZ298L4,L,R,,0,PROD-6729,15/04/25 15:11,30/06/24 9:18,,,2,2
384,PC-036947,CASHJC755OTS42,I,V,PACK-400,0,,15/09/24 6:47,15/09/24 6:47,,2002,0,1001
385,PC-036947,LOY8FMW4V1FJ2,L,V,PACK-117,0,PROD-5528,31/10/24 4:18,17/06/24 5:49,,2002,3003,
386,PC-047058,CASHEQ1ZQ8DAYD,C,E,,0,,23/03/25 12:04,08/07/24 15:04,,1001,2,3003
387,PC-047058,CASHYZNM5SAXYK,C,E,,0,,07/07/24 11:42,07/07/24 11:42,08/06/25 20:02,3003,3003,0
388,PC-047058,CASHU97Z77DBEO,I,E,,0,,07/08/24 14:54,07/08/25 15:58,,,2,
389,PC-047058,CASHV33LIFNCRN,C,Y,,25,,14/11/24 13:33,14/11/24 13:33,,3003,2002,1001
390,PC-047058,CASH24ERTL15E1,C,I,,0,,01/12/24 14:11,01/12/24 14:11,01/01/25 12:45,2,2,1
391,PC-058169,CASHPJAGXLQ0S5,I,P,PACK-611,0,PROD-6640,14/04/25 14:25,26/08/24 2:40,,0,2,3003
392,PC-058169,CASH43XRV8DF2F,C,G,,0,,14/03/25 9:28,14/03/25 9:28,,1001,1,
393,PC-058169,CASHRCPACQ5AH9,C,I,,0,,13/07/24 10:47,23/07/25 21:26,,2,0,2
394,PC-058169,CASHBO7JFM03TD,I,Y,,50,,17/05/25 15:27,05/08/24 15:10,30/11/24 5:03,2,2002,0
395,PC-058169,CASHXMHRWWNQA4,C,I,,0,,07/07/24 15:12,16/07/24 0:08,,2,1,3003
396,PC-069270,LOY4JLYS7JD6Z,L,Y,PACK-735,50,PROD-2973,19/01/25 2:07,19/01/25 2:07,,3003,3003,0
397,PC-069270,CASHDXKXB4RVWJ,I,Y,,200,PROD-7133,05/10/24 18:37,05/10/24 18:37,,3003,0,0
398,PC-069270,LOY51V9PD57FQ,L,P,PACK-655,0,PROD-8099,25/06/24 13:57,25/06/24 13:57,,,1001,1
399,PC-069270,CASHN75WLN2OTG,C,U,,0,,11/12/24 17:07,11/12/24 17:07,,3003,1,
400,PC-069270,CASHDUGAAZPGYB,I,X,PACK-519,0,PROD-1004,09/03/25 9:37,09/03/25 9:37,18/06/25 21:38,3003,1,3003
401,PC-070381,CASHJPMH3UQ1AM,I,Y,PACK-400,50,PROD-4692,29/10/24 20:48,29/10/24 20:48,,3003,3003,0
402,PC-070381,CASHLVA2UHTJPK,I,I,PACK-966,0,PROD-2537,24/10/24 13:50,13/06/25 3:12,,0,2,1001
403,PC-070381,CASHS30U7FRZUD,C,R,,0,,08/08/24 22:12,23/07/24 3:14,,3003,1001,1
404,PC-070381,CASHAOZ5E7GGO4,I,Y,PACK-688,100,,10/12/24 16:00,25/05/25 5:12,,3003,1001,2
405,PC-070381,CASH44WUFEQJ4P,I,P,,0,PROD-9930,12/04/24 14:12,12/04/24 14:12,,2002,2002,2
406,PC-081492,CASHOKQBBWBX54,C,O,,0,,25/07/25 2:07,25/07/25 2:07,,2,0,2
407,PC-081492,CASHDPA7YZ5ND2,I,P,PACK-515,0,,25/01/24 19:01,25/01/24 19:01,,1001,,1001
408,PC-081492,CASH6CA037FF5H,I,A,,0,,05/03/25 9:21,05/03/25 9:21,,0,2,1
409,PC-081492,CASHJ1Z322KAIO,C,N,,0,,26/04/25 7:18,26/04/25 7:18,,2002,1,3003
410,PC-081492,CASHEUUR656EBJ,C,Y,,150,,01/08/25 17:12,04/11/24 10:04,,1001,1001,2
411,PC-092503,LOYQODSU9F16X,L,A,PACK-889,0,PROD-1110,29/04/25 5:32,29/04/25 5:32,,0,3003,1
412,PC-092503,LOY1GBZ30V0VS,L,P,,0,,21/03/25 3:06,15/03/25 4:23,,0,1,2002
413,PC-092503,CASHCQB7U2MRIX,C,N,,0,,05/07/25 4:53,10/02/25 19:33,,3003,1001,1001
414,PC-092503,LOYX7BRRBAI3A,L,I,PACK-418,0,,04/06/24 21:20,27/10/24 16:55,,1001,1,
415,PC-092503,CASHTAOFZD6KPV,C,P,,0,,01/03/24 12:12,20/04/25 8:53,,3003,0,2002
416,PC-003614,CASHB05DWJATE4,C,A,,0,,29/07/25 17:12,29/07/25 17:12,,1001,,1001
417,PC-003614,LOY8BWTB5Q787,L,G,PACK-777,0,PROD-5223,30/08/24 21:43,30/08/24 21:43,,2002,1001,0
418,PC-003614,CASH1OO5VYFRRL,I,A,PACK-517,0,,16/09/24 13:24,16/09/24 13:24,,3003,2,
419,PC-003614,LOYYCI08P3LBS,L,V,,0,,07/07/25 18:05,07/07/25 18:05,,0,1,1
420,PC-003614,CASHO874OHL5TH,I,Y,PACK-430,150,PROD-5322,27/05/24 2:01,31/07/25 8:38,,2,1001,
421,PC-014725,LOYB2AUBNBWGS,L,E,,0,,14/02/25 3:11,24/12/24 7:35,16/02/25 19:51,2002,3003,
422,PC-014725,LOYIO2XM43O8J,L,A,,0,PROD-5632,25/08/24 10:38,25/08/24 10:38,21/06/25 4:44,1,1,1001
423,PC-014725,CASHV2H31PHEIV,I,B,,0,,09/04/24 16:35,27/10/24 18:45,,0,2002,1001
424,PC-014725,CASHK37FOQSR41,I,Y,,75,,05/06/24 15:50,28/05/24 0:29,11/11/24 12:52,2,1001,2002
425,PC-014725,LOYSYWU2GYIAW,L,E,,0,PROD-4298,30/01/24 10:03,02/05/24 21:12,,3003,,
426,PC-025836,LOY1R99ALX8UY,L,P,,0,PROD-3299,08/11/24 18:39,08/11/24 18:39,,,0,2002
427,PC-025836,CASHXQTQV8ELSP,C,E,,0,,26/10/24 1:35,26/10/24 1:35,,1,2002,1001
428,PC-025836,CASH0NWKQ4KSD9,C,R,,0,,27/01/25 23:40,27/01/25 23:40,,0,2002,
429,PC-025836,CASH477IQFXEW8,C,I,,0,,04/09/24 19:01,04/09/24 19:01,,,0,0
430,PC-025836,LOYS95TWBQHSM,L,P,PACK-166,0,,19/12/24 2:57,06/02/25 14:17,,1001,1001,1
431,PC-036947,LOY4HTPL131V0,L,Y,PACK-696,200,PROD-8378,04/05/24 3:56,20/07/25 0:38,,1001,,3003
432,PC-036947,CASH1SHEURQ7VZ,I,I,PACK-250,0,,09/11/24 5:33,09/11/24 5:33,31/10/24 19:07,1001,2,1001
433,PC-036947,CASHIPO86K24ZN,C,N,,0,,25/08/24 3:02,25/08/24 3:02,,2002,,1
434,PC-036947,CASH6D2KJRZCV3,C,N,,0,,29/03/25 0:33,23/07/25 17:01,,0,2002,2
435,PC-036947,CASH6OQE09O8A9,I,N,PACK-864,0,PROD-4940,10/08/25 10:51,25/02/25 6:45,,0,3003,
436,PC-047058,CASHPSBTNBDZRI,I,Y,,200,PROD-2381,26/08/25 11:17,26/08/25 11:17,,,,1
437,PC-047058,LOYXA53XI3C7G,L,A,,0,PROD-1200,01/05/25 18:49,01/05/25 18:49,,,,0
438,PC-047058,CASHJ0UA9O6H0F,C,Y,,75,,06/04/25 5:12,06/04/25 5:12,,0,3003,0
439,PC-047058,CASHIGGN92F0J3,C,X,,0,,21/12/24 12:18,21/12/24 12:18,,2,2002,1
440,PC-047058,CASHW5IXTWGQIO,C,Y,,200,,16/07/25 5:46,11/03/25 22:10,,3003,,1
441,PC-058169,LOYOLKFU3F4K1,L,P,,0,PROD-2783,13/05/25 1:30,18/02/25 23:00,,0,2002,1001
442,PC-058169,CASHILVB8DM1AO,I,E,,0,,17/07/24 14:54,17/07/24 14:54,,3003,3003,
443,PC-058169,CASHRHCJTDAKXV,I,V,,0,,13/12/24 2:51,13/12/24 2:51,,3003,1,2002
444,PC-058169,LOYHHPZUYR7VH,L,Y,PACK-656,50,,16/02/25 21:05,19/05/24 19:18,,1,3003,2
445,PC-058169,CASHQWL67C7HP4,I,I,PACK-477,0,PROD-7235,28/03/25 13:02,26/07/25 20:32,,3003,2,0
446,PC-069270,CASHGSEM2FITGU,I,Y,,100,PROD-9782,06/12/24 2:06,06/12/24 2:06,,2,1,3003
447,PC-069270,LOYG877FXV7A7,L,I,,0,PROD-6888,28/05/25 7:30,16/03/25 8:36,,1001,,1001
448,PC-069270,CASHOQ0WTGXY7I,I,N,,0,PROD-6641,03/05/25 12:49,21/05/24 9:21,,1001,2002,2002
449,PC-069270,CASH2VL1TKU04V,I,P,,0,PROD-5883,18/10/24 19:02,18/10/24 19:02,,0,1001,1001
450,PC-069270,LOY6CMWSH0WFW,L,N,PACK-507,0,PROD-5413,12/06/24 16:32,07/02/25 8:02,,2,3003,3003
451,PC-070381,CASHCAZXPNGMZY,C,N,,0,,21/01/25 13:59,21/01/25 13:59,,2002,2,
452,PC-070381,CASHNPKIA0W8MY,C,X,,0,,17/06/25 16:56,14/01/25 11:48,,2002,,
453,PC-070381,CASHCECERT7AWR,C,P,,0,,16/10/24 14:02,16/10/24 14:02,,2,0,1
454,PC-070381,CASH7I31I1UZ5Z,C,B,,0,,17/06/25 3:19,03/11/24 20:25,,,0,0
455,PC-070381,CASHFD2YBNMZOG,C,V,,0,,19/04/24 16:16,15/06/24 18:40,,2,3003,3003
456,PC-081492,CASHY423PACE2F,I,O,,0,PROD-9486,28/04/24 16:48,03/09/25 17:25,,1001,1,0
457,PC-081492,CASHVKP6EUNPU4,I,A,,0,PROD-3385,14/06/25 7:24,14/06/25 7:24,,1001,1,3003
458,PC-081492,LOY80U10KWCCI,L,Z,PACK-456,0,PROD-7307,15/03/24 6:53,17/10/24 4:03,,,2002,0
459,PC-081492,CASH4QJD7B52XO,I,Y,,25,,24/07/24 12:38,24/07/24 12:38,,2,,
460,PC-081492,CASHHGMTVPPFNN,C,A,,0,,11/05/24 3:51,11/05/24 3:51,,0,0,1001
461,PC-092503,LOYKV0N4H2AWN,L,G,PACK-265,0,PROD-3267,22/06/24 17:48,22/06/24 17:48,,2002,2002,1
462,PC-092503,CASH6L0DCZ6PBB,I,Y,PACK-510,25,PROD-4423,03/01/25 16:34,22/03/25 13:47,,3003,2,1
463,PC-092503,LOY79NK33AH78,L,E,,0,PROD-7679,08/06/25 21:13,08/06/25 21:13,,1,0,3003
464,PC-092503,CASHXNADA1K3RE,I,I,,0,,19/04/25 5:03,19/04/25 5:03,,0,1,2
465,PC-092503,CASHX8M8CT71WB,I,P,,0,PROD-1808,04/07/25 12:09,03/09/24 4:46,12/12/24 4:26,2002,0,2002
466,PC-003614,CASHNA46N0ABCZ,I,E,,0,,22/05/24 1:10,22/05/24 1:10,,3003,2,1
467,PC-003614,CASHAVJVWSQ4RX,I,Y,,75,,29/10/24 13:10,29/10/24 13:10,,1001,0,
468,PC-003614,CASHV3WAGB2RH7,I,R,PACK-931,0,PROD-3830,23/09/24 1:26,23/09/24 1:26,,2002,2002,2
469,PC-003614,LOY62NK7HLCNP,L,O,PACK-662,0,,29/08/24 15:54,30/12/24 21:34,,2002,2002,3003
470,PC-003614,LOYRSASVI1X1V,L,O,PACK-323,0,,07/11/24 13:17,07/11/24 13:17,,3003,2002,2
471,PC-014725,LOYEG4OHPN9FD,L,N,PACK-425,0,PROD-7136,08/09/24 18:49,22/09/24 14:53,,2002,2002,3003
472,PC-014725,CASHI2IWMC07LB,I,P,,0,PROD-3048,11/07/25 16:01,11/07/25 16:01,,2,0,2002
473,PC-014725,CASHN4FG0DJQ1P,I,Y,,100,,08/04/25 4:28,08/04/25 4:28,,2002,1,1
474,PC-014725,CASHLOYEYQE683,I,R,,0,,02/04/25 8:00,02/04/25 8:00,,3003,2,0
475,PC-014725,LOYUYRPK404C5,L,Y,PACK-157,75,PROD-5491,26/05/24 15:48,26/05/24 15:48,,,,3003
476,PC-025836,LOYJXN7PRWMOE,L,Y,PACK-290,25,PROD-8008,26/08/24 2:49,26/08/24 2:49,,,0,2
477,PC-025836,CASHRQH4S03B0H,I,A,PACK-771,0,,15/08/24 15:03,15/08/24 15:03,,1,1,3003
478,PC-025836,CASHJAJLTUV67H,I,R,,0,,23/08/24 0:19,14/07/25 10:12,28/08/24 16:24,1,1001,0
479,PC-025836,LOYB0YUCQEFRS,L,O,,0,,13/08/24 18:59,13/08/24 18:59,,2,2002,1001
480,PC-025836,CASHTOMPSDWX96,I,P,PACK-109,0,PROD-2261,13/07/25 19:27,03/07/25 2:06,,0,2002,3003
481,PC-036947,CASHJILHBI62VS,C,Y,,50,,03/03/24 17:23,29/04/25 18:21,,2002,1,3003
482,PC-036947,LOYCH8Q7QRERI,L,E,,0,PROD-3953,01/03/25 18:56,25/05/24 3:11,,0,2002,0
483,PC-036947,LOY1T4F9BYI4N,L,N,PACK-814,0,PROD-8196,27/08/25 1:40,12/10/24 20:19,,1,2002,
484,PC-036947,CASHKLDWC6G4Y3,C,P,,0,,05/07/25 23:08,05/07/25 23:08,,,,2002
485,PC-036947,CASHDJ4WT1VAWI,I,R,PACK-913,0,PROD-3077,03/07/24 10:26,22/11/24 18:23,,2002,2002,3003
486,PC-047058,LOYXC0PADRKU0,L,Y,,75,,04/08/24 13:44,04/08/24 13:44,,1,1001,2002
487,PC-047058,LOYQZV62E84L9,L,N,,0,PROD-9829,24/04/25 6:50,05/06/24 23:47,,3003,2002,2
488,PC-047058,CASH14FTNM8VH1,I,I,PACK-758,0,PROD-3415,11/08/24 23:17,20/05/25 4:51,,2,1,1001
489,PC-047058,LOYHNYDZ0B545,L,A,PACK-408,0,PROD-6854,19/08/24 5:50,14/05/25 2:03,,2,2,0
490,PC-047058,LOYMG025582RQ,L,P,PACK-670,0,,20/11/24 9:22,07/07/24 12:52,,1,3003,0
491,PC-058169,CASHYWP6CBC5TN,C,U,,0,,30/01/24 7:26,30/01/24 7:26,01/09/25 19:20,1,2,1
492,PC-058169,CASH6ISX49T0Z4,C,N,,0,,15/12/24 20:31,15/12/24 20:31,,2,1,3003
493,PC-058169,LOYYRVMWW3SZY,L,B,,0,PROD-7145,08/07/24 19:03,15/03/25 22:58,08/08/24 12:14,1,3003,1001
494,PC-058169,CASHGEV3LFY5U0,I,X,,0,,15/07/25 23:03,15/07/25 23:03,,,1001,1
495,PC-058169,LOYDZ6W5OWK1L,L,Y,PACK-516,100,PROD-4889,28/02/25 3:46,28/02/25 3:46,,1,1,
496,PC-069270,LOYJDS0SP8JB6,L,I,PACK-437,0,,09/05/24 21:09,17/02/25 6:59,19/08/25 7:00,0,1001,1001
497,PC-069270,CASH25UAK3J16C,I,O,,0,,10/07/24 9:29,01/07/25 11:36,,0,1,
498,PC-069270,CASHUV58OHCU0E,I,X,PACK-847,0,,18/12/24 14:46,16/08/25 18:23,,3003,1001,1
499,PC-069270,CASHB6SP0Y3ROR,I,B,PACK-118,0,PROD-5563,10/03/24 4:49,14/12/24 23:28,,3003,1001,0
500,PC-069270,CASHRTQJ8CW8N5,I,Z,PACK-260,0,PROD-8270,07/10/24 9:57,07/10/24 9:57,,3003,,3003